{"stats":{"minecraft:killed":{"minecraft:zombie_villager":1,"minecraft:spider":1,"minecraft:skeleton":2,"minecraft:zombie":3,"minecraft:chicken":13},"minecraft:mined":{"create:zinc_ore":11,"minecraft:crafting_table":6,"minecraft:torch":2,"minecraft:grass_block":2,"minecraft:copper_ore":51,"minecraft:diorite":124,"minecraft:wall_torch":3,"minecraft:furnace":2,"minecraft:iron_ore":46,"minecraft:andesite":111,"minecraft:coal_ore":81,"minecraft:oak_log":37,"minecraft:gravel":1,"minecraft:dirt":7,"minecraft:stone":321,"create:crimsite":23,"minecraft:oak_leaves":263},"minecraft:used":{"create:handheld_worldshaper":2,"minecraft:stone_pickaxe":493,"minecraft:shield":6,"minecraft:wooden_pickaxe":33,"minecraft:stone":46,"minecraft:cooked_chicken":6,"minecraft:rotten_flesh":6,"create:blaze_burner":1,"minecraft:torch":70,"minecraft:dirt":3,"minecraft:crafting_table":7,"create:cogwheel":3,"create:gearbox":1,"minecraft:grass_block":1,"minecraft:iron_pickaxe":250,"minecraft:stone_axe":269,"minecraft:cobblestone":24,"minecraft:furnace":3,"create:large_cogwheel":4},"minecraft:custom":{"minecraft:interact_with_furnace":11,"minecraft:mob_kills":21,"minecraft:interact_with_crafting_table":15,"minecraft:leave_game":8,"minecraft:time_since_death":24730,"minecraft:time_since_rest":24899,"minecraft:sprint_one_cm":75176,"minecraft:damage_taken":535,"minecraft:walk_one_cm":61055,"minecraft:damage_blocked_by_shield":165,"minecraft:drop":11,"minecraft:damage_dealt":1792,"minecraft:swim_one_cm":3080,"minecraft:fly_one_cm":57032,"minecraft:open_chest":3,"minecraft:crouch_one_cm":4745,"minecraft:play_time":56865,"minecraft:deaths":1,"minecraft:sneak_time":1910,"minecraft:walk_under_water_one_cm":1194,"minecraft:jump":338,"minecraft:walk_on_water_one_cm":1502,"minecraft:total_world_time":56865,"minecraft:fall_one_cm":8677},"minecraft:broken":{"minecraft:stone_pickaxe":3,"minecraft:stone_axe":2,"minecraft:iron_pickaxe":1},"minecraft:crafted":{"minecraft:oak_planks":40,"minecraft:crafting_table":1,"minecraft:wooden_pickaxe":1,"minecraft:cooked_chicken":13,"minecraft:furnace":9,"minecraft:stone_axe":3,"minecraft:raw_copper_block":19,"minecraft:air":0,"minecraft:shield":1,"minecraft:stick":24,"minecraft:iron_ingot":6,"minecraft:iron_pickaxe":1,"minecraft:stone_pickaxe":4,"minecraft:torch":80},"minecraft:picked_up":{"minecraft:crafting_table":6,"minecraft:feather":13,"minecraft:chicken":13,"minecraft:andesite":111,"create:raw_zinc":11,"minecraft:oak_log":45,"minecraft:string":1,"minecraft:dirt":40,"minecraft:raw_copper":171,"minecraft:bone":11,"minecraft:apple":3,"minecraft:stone_pickaxe":1,"minecraft:oak_planks":9,"minecraft:egg":10,"minecraft:furnace":2,"minecraft:stick":14,"minecraft:raw_iron":46,"minecraft:torch":15,"minecraft:diorite":124,"minecraft:arrow":2,"create:crimsite":23,"minecraft:rotten_flesh":5,"minecraft:stone_axe":1,"minecraft:oak_sapling":28,"minecraft:coal":134,"minecraft:cobblestone":298},"minecraft:dropped":{"minecraft:oak_log":7,"minecraft:arrow":2,"minecraft:wooden_pickaxe":1,"minecraft:string":7,"minecraft:bone":7},"minecraft:killed_by":{"minecraft:zombie":1}},"DataVersion":3465}