{"stats":{"minecraft:killed":{"minecraft:zombie_villager":1,"minecraft:spider":1,"minecraft:creeper":1,"minecraft:skeleton":6,"minecraft:zombie":5,"minecraft:chicken":13,"minecraft:enderman":1},"minecraft:mined":{"create:zinc_ore":65,"mekanism:deepslate_osmium_ore":2,"minecraft:crafting_table":9,"minecraft:torch":4,"minecraft:calcite":64,"minecraft:grass_block":2,"mekanism:tin_ore":27,"minecraft:cobblestone":2,"minecraft:copper_ore":51,"minecraft:lapis_ore":9,"minecraft:diorite":136,"minecraft:wall_torch":4,"minecraft:furnace":6,"minecraft:iron_ore":70,"minecraft:andesite":112,"create:asurine":280,"minecraft:coal_ore":89,"minecraft:oak_log":37,"mekanism:lead_ore":3,"minecraft:gravel":1,"minecraft:dirt":8,"minecraft:smooth_basalt":64,"minecraft:stone":327,"create:crimsite":399,"create:limestone":64,"minecraft:oak_leaves":263},"minecraft:used":{"create:handheld_worldshaper":2,"minecraft:stone_pickaxe":493,"minecraft:shield":16,"minecraft:wooden_pickaxe":33,"minecraft:stone":46,"minecraft:cooked_chicken":6,"minecraft:rotten_flesh":20,"create:blaze_burner":1,"minecraft:torch":125,"minecraft:dirt":3,"minecraft:crafting_table":10,"create:cogwheel":3,"minecraft:iron_axe":32,"create:gearbox":1,"minecraft:grass_block":1,"minecraft:iron_pickaxe":1251,"minecraft:stone_axe":269,"minecraft:cobblestone":73,"minecraft:furnace":7,"minecraft:bucket":1,"create:large_cogwheel":4},"minecraft:custom":{"minecraft:interact_with_furnace":41,"minecraft:mob_kills":29,"minecraft:interact_with_crafting_table":27,"minecraft:leave_game":8,"minecraft:time_since_death":48730,"minecraft:time_since_rest":48899,"minecraft:sprint_one_cm":105007,"minecraft:damage_taken":748,"minecraft:walk_one_cm":106025,"minecraft:damage_blocked_by_shield":445,"minecraft:drop":19,"minecraft:damage_dealt":3626,"minecraft:swim_one_cm":3080,"minecraft:fly_one_cm":66449,"minecraft:open_chest":6,"minecraft:crouch_one_cm":10113,"minecraft:play_time":80865,"minecraft:deaths":1,"minecraft:sneak_time":3369,"minecraft:walk_under_water_one_cm":1194,"minecraft:jump":487,"minecraft:walk_on_water_one_cm":1502,"minecraft:total_world_time":80865,"minecraft:fall_one_cm":10359},"minecraft:broken":{"minecraft:stone_pickaxe":3,"minecraft:stone_axe":2,"minecraft:iron_pickaxe":5},"minecraft:crafted":{"minecraft:oak_planks":52,"minecraft:crafting_table":1,"minecraft:iron_helmet":1,"minecraft:wooden_pickaxe":1,"minecraft:cooked_chicken":13,"minecraft:furnace":9,"minecraft:copper_ingot":9,"minecraft:stone_axe":3,"minecraft:raw_copper_block":19,"minecraft:air":0,"minecraft:iron_boots":1,"minecraft:iron_chestplate":1,"sophisticatedbackpacks:copper_backpack":1,"minecraft:raw_copper":9,"minecraft:shield":1,"minecraft:iron_axe":1,"minecraft:stick":68,"minecraft:iron_ingot":66,"minecraft:iron_pickaxe":5,"minecraft:stone_pickaxe":4,"minecraft:iron_leggings":1,"minecraft:torch":160,"sophisticatedbackpacks:iron_backpack":1},"minecraft:picked_up":{"minecraft:crafting_table":9,"minecraft:feather":13,"minecraft:chicken":13,"mekanism:raw_lead":3,"minecraft:andesite":112,"create:raw_zinc":65,"minecraft:oak_log":45,"minecraft:gunpowder":1,"minecraft:lapis_lazuli":60,"minecraft:string":1,"minecraft:dirt":42,"create:limestone":64,"minecraft:raw_copper":171,"minecraft:bone":15,"minecraft:apple":3,"minecraft:stone_pickaxe":2,"minecraft:calcite":66,"minecraft:oak_planks":9,"minecraft:egg":10,"minecraft:furnace":6,"minecraft:stick":18,"minecraft:raw_iron":70,"minecraft:smooth_basalt":64,"minecraft:gravel":5,"minecraft:torch":18,"sophisticatedbackpacks:backpack":2,"minecraft:diorite":136,"mekanism:raw_osmium":2,"mekanism:raw_tin":27,"minecraft:arrow":5,"create:crimsite":404,"minecraft:rotten_flesh":8,"minecraft:stone_axe":1,"create:asurine":280,"minecraft:oak_sapling":28,"minecraft:coal":192,"minecraft:cobblestone":311},"minecraft:dropped":{"minecraft:stone_axe":1,"minecraft:oak_log":7,"sophisticatedbackpacks:backpack":1,"create:crimsite":46,"minecraft:stick":4,"minecraft:arrow":2,"minecraft:stone_pickaxe":2,"minecraft:wooden_pickaxe":1,"minecraft:string":7,"minecraft:bone":7},"minecraft:killed_by":{"minecraft:zombie":1}},"DataVersion":3465}