{"stats":{"minecraft:used":{"create:blaze_burner":1,"create:handheld_worldshaper":2,"minecraft:dirt":3,"minecraft:stone":46,"minecraft:grass_block":1,"create:cogwheel":3,"create:large_cogwheel":4,"create:gearbox":1},"minecraft:custom":{"minecraft:time_since_rest":20865,"minecraft:sprint_one_cm":97,"minecraft:crouch_one_cm":264,"minecraft:leave_game":8,"minecraft:play_time":20865,"minecraft:time_since_death":20865,"minecraft:walk_one_cm":4847,"minecraft:sneak_time":251,"minecraft:total_world_time":20865,"minecraft:drop":7,"minecraft:fly_one_cm":21572,"minecraft:jump":16},"minecraft:picked_up":{"minecraft:oak_log":7},"minecraft:dropped":{"minecraft:oak_log":7}},"DataVersion":3465}