{"stats":{"minecraft:mined":{"minecraft:crafting_table":1,"minecraft:oak_log":5,"minecraft:grass_block":2,"minecraft:coal_ore":21,"minecraft:dirt":7,"minecraft:stone":11,"minecraft:oak_leaves":2,"minecraft:wall_torch":1},"minecraft:used":{"create:handheld_worldshaper":2,"create:gearbox":1,"minecraft:grass_block":1,"minecraft:stone_pickaxe":5,"minecraft:wooden_pickaxe":33,"minecraft:stone":46,"create:blaze_burner":1,"minecraft:torch":3,"minecraft:dirt":3,"minecraft:cobblestone":2,"minecraft:crafting_table":2,"create:cogwheel":3,"create:large_cogwheel":4},"minecraft:custom":{"minecraft:time_since_rest":899,"minecraft:sprint_one_cm":5783,"minecraft:damage_taken":250,"minecraft:walk_one_cm":11001,"minecraft:drop":8,"minecraft:damage_dealt":91,"minecraft:interact_with_crafting_table":3,"minecraft:fly_one_cm":24531,"minecraft:crouch_one_cm":1080,"minecraft:play_time":32865,"minecraft:deaths":1,"minecraft:sneak_time":782,"minecraft:jump":38,"minecraft:leave_game":8,"minecraft:time_since_death":730,"minecraft:total_world_time":32865,"minecraft:fall_one_cm":418},"minecraft:crafted":{"minecraft:oak_planks":20,"minecraft:crafting_table":1,"minecraft:stick":8,"minecraft:wooden_pickaxe":1,"minecraft:stone_pickaxe":1,"minecraft:torch":12,"minecraft:stone_axe":1},"minecraft:picked_up":{"minecraft:stick":1,"minecraft:crafting_table":1,"minecraft:torch":11,"minecraft:oak_log":12,"minecraft:dirt":18,"minecraft:stone_axe":1,"minecraft:stone_pickaxe":1,"minecraft:oak_sapling":2,"minecraft:oak_planks":9,"minecraft:coal":39,"minecraft:cobblestone":14},"minecraft:dropped":{"minecraft:oak_log":7,"minecraft:wooden_pickaxe":1},"minecraft:killed_by":{"minecraft:zombie":1}},"DataVersion":3465}