{"stats":{"minecraft:killed":{"minecraft:zombie_villager":1,"minecraft:spider":1,"minecraft:skeleton":2,"minecraft:zombie":5,"minecraft:chicken":13},"minecraft:mined":{"create:zinc_ore":20,"minecraft:crafting_table":8,"minecraft:torch":2,"minecraft:grass_block":2,"mekanism:tin_ore":14,"minecraft:copper_ore":51,"minecraft:lapis_ore":6,"minecraft:diorite":124,"minecraft:wall_torch":3,"minecraft:furnace":6,"minecraft:iron_ore":52,"minecraft:andesite":111,"minecraft:coal_ore":81,"minecraft:oak_log":37,"minecraft:gravel":1,"minecraft:dirt":7,"minecraft:stone":322,"create:crimsite":399,"create:limestone":64,"minecraft:oak_leaves":263},"minecraft:used":{"create:handheld_worldshaper":2,"minecraft:stone_pickaxe":493,"minecraft:shield":6,"minecraft:wooden_pickaxe":33,"minecraft:stone":46,"minecraft:cooked_chicken":6,"minecraft:rotten_flesh":10,"create:blaze_burner":1,"minecraft:torch":85,"minecraft:dirt":3,"minecraft:crafting_table":8,"create:cogwheel":3,"minecraft:iron_axe":9,"create:gearbox":1,"minecraft:grass_block":1,"minecraft:iron_pickaxe":730,"minecraft:stone_axe":269,"minecraft:cobblestone":33,"minecraft:furnace":6,"minecraft:bucket":1,"create:large_cogwheel":4},"minecraft:custom":{"minecraft:interact_with_furnace":33,"minecraft:mob_kills":23,"minecraft:interact_with_crafting_table":24,"minecraft:leave_game":8,"minecraft:time_since_death":36730,"minecraft:time_since_rest":36899,"minecraft:sprint_one_cm":80762,"minecraft:damage_taken":546,"minecraft:walk_one_cm":77051,"minecraft:damage_blocked_by_shield":165,"minecraft:drop":19,"minecraft:damage_dealt":2192,"minecraft:swim_one_cm":3080,"minecraft:fly_one_cm":58631,"minecraft:open_chest":6,"minecraft:crouch_one_cm":6207,"minecraft:play_time":68865,"minecraft:deaths":1,"minecraft:sneak_time":2243,"minecraft:walk_under_water_one_cm":1194,"minecraft:jump":367,"minecraft:walk_on_water_one_cm":1502,"minecraft:total_world_time":68865,"minecraft:fall_one_cm":8677},"minecraft:broken":{"minecraft:stone_pickaxe":3,"minecraft:stone_axe":2,"minecraft:iron_pickaxe":2},"minecraft:crafted":{"minecraft:oak_planks":40,"minecraft:crafting_table":1,"minecraft:iron_helmet":1,"minecraft:wooden_pickaxe":1,"minecraft:cooked_chicken":13,"minecraft:furnace":9,"minecraft:copper_ingot":9,"minecraft:stone_axe":3,"minecraft:raw_copper_block":19,"minecraft:air":0,"minecraft:iron_boots":1,"minecraft:iron_chestplate":1,"sophisticatedbackpacks:copper_backpack":1,"minecraft:raw_copper":9,"minecraft:shield":1,"minecraft:iron_axe":1,"minecraft:stick":52,"minecraft:iron_ingot":46,"minecraft:iron_pickaxe":4,"minecraft:stone_pickaxe":4,"minecraft:iron_leggings":1,"minecraft:torch":160,"sophisticatedbackpacks:iron_backpack":1},"minecraft:picked_up":{"minecraft:crafting_table":8,"minecraft:feather":13,"minecraft:chicken":13,"minecraft:andesite":111,"create:raw_zinc":20,"minecraft:oak_log":45,"minecraft:lapis_lazuli":39,"minecraft:string":1,"minecraft:dirt":40,"create:limestone":64,"minecraft:raw_copper":171,"minecraft:bone":11,"minecraft:apple":3,"minecraft:stone_pickaxe":2,"minecraft:oak_planks":9,"minecraft:egg":10,"minecraft:furnace":6,"minecraft:stick":18,"minecraft:raw_iron":52,"minecraft:torch":15,"sophisticatedbackpacks:backpack":2,"minecraft:diorite":124,"mekanism:raw_tin":14,"minecraft:arrow":2,"create:crimsite":404,"minecraft:rotten_flesh":8,"minecraft:stone_axe":1,"minecraft:oak_sapling":28,"minecraft:coal":184,"minecraft:cobblestone":299},"minecraft:dropped":{"minecraft:stone_axe":1,"minecraft:oak_log":7,"sophisticatedbackpacks:backpack":1,"create:crimsite":46,"minecraft:stick":4,"minecraft:arrow":2,"minecraft:stone_pickaxe":2,"minecraft:wooden_pickaxe":1,"minecraft:string":7,"minecraft:bone":7},"minecraft:killed_by":{"minecraft:zombie":1}},"DataVersion":3465}