{"stats":{"minecraft:killed":{"minecraft:zombie_villager":1,"minecraft:spider":1,"minecraft:creeper":1,"minecraft:skeleton":6,"minecraft:zombie":5,"minecraft:chicken":13,"minecraft:enderman":1},"minecraft:mined":{"create:zinc_ore":75,"minecraft:large_amethyst_bud":1,"minecraft:amethyst_cluster":8,"mekanism:deepslate_osmium_ore":2,"minecraft:crafting_table":11,"minecraft:torch":13,"minecraft:calcite":575,"minecraft:grass_block":3,"mekanism:tin_ore":33,"minecraft:cobblestone":9,"minecraft:copper_ore":55,"minecraft:lapis_ore":13,"minecraft:diorite":181,"minecraft:amethyst_block":601,"minecraft:wall_torch":5,"minecraft:furnace":7,"minecraft:iron_ore":112,"minecraft:andesite":123,"create:asurine":281,"mekanism:deepslate_tin_ore":2,"minecraft:coal_ore":90,"minecraft:oak_log":37,"mekanism:lead_ore":14,"minecraft:gravel":3,"minecraft:dirt":12,"minecraft:smooth_basalt":65,"minecraft:stone":426,"minecraft:gold_ore":6,"create:crimsite":399,"create:limestone":64,"minecraft:oak_leaves":263},"minecraft:used":{"create:handheld_worldshaper":2,"minecraft:stone_pickaxe":493,"minecraft:shield":16,"minecraft:wooden_pickaxe":33,"minecraft:stone":46,"minecraft:cooked_chicken":8,"minecraft:rotten_flesh":20,"create:blaze_burner":1,"minecraft:torch":156,"minecraft:dirt":3,"minecraft:crafting_table":12,"create:cogwheel":3,"minecraft:iron_axe":35,"create:gearbox":1,"minecraft:grass_block":1,"minecraft:iron_pickaxe":2627,"minecraft:stone_axe":269,"minecraft:cobblestone":140,"minecraft:furnace":7,"minecraft:bucket":1,"create:large_cogwheel":4},"minecraft:custom":{"minecraft:interact_with_furnace":43,"minecraft:mob_kills":29,"minecraft:interact_with_crafting_table":31,"minecraft:leave_game":8,"minecraft:time_since_death":60730,"minecraft:time_since_rest":60899,"minecraft:sprint_one_cm":117725,"minecraft:damage_taken":868,"minecraft:walk_one_cm":123407,"minecraft:damage_blocked_by_shield":445,"minecraft:drop":19,"minecraft:damage_dealt":3626,"minecraft:swim_one_cm":3080,"minecraft:fly_one_cm":74789,"minecraft:open_chest":6,"minecraft:crouch_one_cm":10907,"minecraft:play_time":92865,"minecraft:deaths":1,"minecraft:sneak_time":3719,"minecraft:walk_under_water_one_cm":1194,"minecraft:jump":702,"minecraft:walk_on_water_one_cm":1502,"minecraft:total_world_time":92865,"minecraft:fall_one_cm":14588},"minecraft:broken":{"minecraft:stone_pickaxe":3,"minecraft:stone_axe":2,"minecraft:iron_pickaxe":10},"minecraft:crafted":{"minecraft:oak_planks":52,"minecraft:crafting_table":1,"minecraft:iron_helmet":1,"minecraft:wooden_pickaxe":1,"minecraft:cooked_chicken":13,"minecraft:furnace":9,"minecraft:copper_ingot":9,"minecraft:stone_axe":3,"minecraft:raw_copper_block":19,"minecraft:air":0,"minecraft:iron_boots":1,"minecraft:iron_chestplate":1,"sophisticatedbackpacks:copper_backpack":1,"minecraft:raw_copper":9,"minecraft:shield":1,"minecraft:iron_axe":1,"minecraft:stick":68,"minecraft:iron_ingot":70,"minecraft:iron_pickaxe":12,"minecraft:stone_pickaxe":4,"minecraft:iron_leggings":1,"minecraft:torch":160,"sophisticatedbackpacks:iron_backpack":1},"minecraft:picked_up":{"minecraft:crafting_table":11,"minecraft:feather":13,"minecraft:chicken":13,"mekanism:raw_lead":7,"minecraft:andesite":123,"create:raw_zinc":75,"minecraft:oak_log":45,"minecraft:gunpowder":1,"minecraft:amethyst_block":537,"minecraft:lapis_lazuli":82,"minecraft:string":1,"minecraft:dirt":46,"create:limestone":64,"minecraft:raw_copper":187,"minecraft:bone":15,"minecraft:apple":3,"minecraft:raw_gold":6,"minecraft:stone_pickaxe":2,"minecraft:calcite":577,"minecraft:oak_planks":9,"minecraft:egg":10,"minecraft:furnace":7,"minecraft:stick":18,"minecraft:raw_iron":112,"minecraft:smooth_basalt":65,"minecraft:gravel":7,"minecraft:torch":30,"sophisticatedbackpacks:backpack":2,"minecraft:amethyst_shard":28,"minecraft:diorite":181,"mekanism:raw_osmium":2,"mekanism:raw_tin":35,"minecraft:arrow":5,"create:crimsite":404,"minecraft:rotten_flesh":8,"minecraft:stone_axe":1,"create:asurine":281,"minecraft:oak_sapling":28,"minecraft:coal":198,"minecraft:cobblestone":414},"minecraft:dropped":{"minecraft:stone_axe":1,"minecraft:oak_log":7,"sophisticatedbackpacks:backpack":1,"create:crimsite":46,"minecraft:stick":4,"minecraft:arrow":2,"minecraft:stone_pickaxe":2,"minecraft:wooden_pickaxe":1,"minecraft:string":7,"minecraft:bone":7},"minecraft:killed_by":{"minecraft:zombie":1}},"DataVersion":3465}