{"stats":{"minecraft:killed":{"minecraft:zombie":2,"minecraft:chicken":13},"minecraft:mined":{"minecraft:crafting_table":5,"minecraft:oak_log":37,"minecraft:grass_block":2,"minecraft:coal_ore":59,"minecraft:dirt":7,"minecraft:copper_ore":38,"minecraft:stone":284,"minecraft:diorite":117,"minecraft:oak_leaves":263,"minecraft:wall_torch":1},"minecraft:used":{"create:handheld_worldshaper":2,"create:gearbox":1,"minecraft:grass_block":1,"minecraft:stone_pickaxe":471,"minecraft:wooden_pickaxe":33,"minecraft:stone":46,"minecraft:cooked_chicken":3,"minecraft:rotten_flesh":4,"create:blaze_burner":1,"minecraft:stone_axe":251,"minecraft:torch":12,"minecraft:dirt":3,"minecraft:cobblestone":2,"minecraft:crafting_table":6,"minecraft:furnace":1,"create:cogwheel":3,"create:large_cogwheel":4},"minecraft:custom":{"minecraft:time_since_rest":12899,"minecraft:interact_with_furnace":3,"minecraft:sprint_one_cm":42607,"minecraft:damage_taken":385,"minecraft:walk_one_cm":36186,"minecraft:mob_kills":15,"minecraft:drop":8,"minecraft:damage_dealt":809,"minecraft:interact_with_crafting_table":8,"minecraft:fly_one_cm":41298,"minecraft:crouch_one_cm":1924,"minecraft:play_time":44865,"minecraft:deaths":1,"minecraft:walk_under_water_one_cm":28,"minecraft:sneak_time":1039,"minecraft:jump":185,"minecraft:walk_on_water_one_cm":85,"minecraft:leave_game":8,"minecraft:time_since_death":12730,"minecraft:total_world_time":44865,"minecraft:fall_one_cm":3553},"minecraft:broken":{"minecraft:stone_pickaxe":3,"minecraft:stone_axe":2},"minecraft:crafted":{"minecraft:oak_planks":20,"minecraft:crafting_table":1,"minecraft:stick":8,"minecraft:cooked_chicken":4,"minecraft:wooden_pickaxe":1,"minecraft:stone_pickaxe":4,"minecraft:furnace":1,"minecraft:torch":12,"minecraft:stone_axe":3,"minecraft:air":0},"minecraft:picked_up":{"minecraft:stick":14,"minecraft:crafting_table":5,"minecraft:feather":13,"minecraft:chicken":13,"minecraft:torch":11,"minecraft:oak_log":45,"minecraft:diorite":117,"minecraft:dirt":40,"minecraft:raw_copper":125,"minecraft:rotten_flesh":4,"minecraft:apple":3,"minecraft:stone_axe":1,"minecraft:stone_pickaxe":1,"minecraft:oak_sapling":28,"minecraft:oak_planks":9,"minecraft:coal":77,"minecraft:cobblestone":287,"minecraft:egg":10},"minecraft:dropped":{"minecraft:oak_log":7,"minecraft:wooden_pickaxe":1},"minecraft:killed_by":{"minecraft:zombie":1}},"DataVersion":3465}