{"stats":{"minecraft:custom":{"minecraft:jump":14,"minecraft:time_since_rest":15388,"minecraft:crouch_one_cm":65,"minecraft:leave_game":8,"minecraft:play_time":15388,"minecraft:time_since_death":15388,"minecraft:walk_one_cm":2869,"minecraft:sneak_time":207,"minecraft:total_world_time":15388,"minecraft:drop":7,"minecraft:fly_one_cm":15089},"minecraft:used":{"create:blaze_burner":1,"create:handheld_worldshaper":2,"minecraft:dirt":3,"minecraft:stone":46,"create:cogwheel":3,"create:large_cogwheel":4,"create:gearbox":1,"minecraft:grass_block":1},"minecraft:picked_up":{"minecraft:oak_log":7},"minecraft:dropped":{"minecraft:oak_log":7}},"DataVersion":3465}